-- phpMyAdmin SQL Dump
-- version 4.8.0
-- https://www.phpmyadmin.net/
--
-- Host: 127.0.0.1
-- Generation Time: Feb 14, 2020 at 12:57 AM
-- Server version: 10.1.31-MariaDB
-- PHP Version: 5.6.35

SET SQL_MODE = "NO_AUTO_VALUE_ON_ZERO";
SET AUTOCOMMIT = 0;
START TRANSACTION;
SET time_zone = "+00:00";


/*!40101 SET @OLD_CHARACTER_SET_CLIENT=@@CHARACTER_SET_CLIENT */;
/*!40101 SET @OLD_CHARACTER_SET_RESULTS=@@CHARACTER_SET_RESULTS */;
/*!40101 SET @OLD_COLLATION_CONNECTION=@@COLLATION_CONNECTION */;
/*!40101 SET NAMES utf8mb4 */;

--
-- Database: `kanvas`
--

-- --------------------------------------------------------

--
-- Table structure for table `area`
--

CREATE TABLE `area` (
  `id` int(11) NOT NULL,
  `kode_area` varchar(10) NOT NULL,
  `nama_area` varchar(128) NOT NULL,
  `kode_pstarea` varchar(10) NOT NULL,
  `is_active` int(11) NOT NULL
) ENGINE=InnoDB DEFAULT CHARSET=utf8mb4;

--
-- Dumping data for table `area`
--

INSERT INTO `area` (`id`, `kode_area`, `nama_area`, `kode_pstarea`, `is_active`) VALUES
(1, 'PAL01', 'Palu Barat', 'AR01', 1),
(2, 'PAL02', 'Palu Timur', 'AR01', 1),
(3, 'PAL03', 'Palu Selatan', 'AR01', 1),
(4, 'PAL04', 'Palu Utara', 'AR01', 1),
(5, 'PAL05', 'Palu Bangga', 'AR01', 1),
(6, 'PAL06', 'Palu Biromaru', 'AR01', 1),
(7, 'PAL07', 'Palu Tawaili', 'AR01', 1),
(8, 'DG01', 'Donggala ', 'AR02', 1),
(9, 'PK01', 'Pasangkayu', 'AR03', 1),
(10, 'PBR01', 'Pantai Barat', 'AR04', 1),
(11, 'PRG01', 'Parigi - Ambibabo', 'AR06', 1),
(12, 'PRG02', 'Dolago - Sausu', 'AR06', 1),
(13, 'PTM01', 'Kasimbar - Tinomobo', 'AR05', 1),
(14, 'PTM02', 'Kotaraya', 'AR05', 1),
(15, 'PTM03', 'Lambunu - Moutong', 'AR05', 1),
(16, 'MRS01', 'Marisa', 'AR07', 1),
(17, 'PSO01', 'Tambarana -Poso', 'AR12', 1),
(18, 'PSO02', 'Poso', 'AR12', 1),
(19, 'PSO03', 'Tentena - Penpodlo', 'AR12', 1),
(20, 'AMP01', 'Ampana - Bunta', 'AR08', 1),
(21, 'MRI01', 'Morowali Bawah', 'AR09', 1),
(22, 'MRI02', 'Morowali Atas', 'AR09', 1),
(23, 'PNG01', 'Palolo - Napu - Gimpu', 'AR10', 1),
(24, 'PSO04', 'Poso - Tentena', 'AR12', 1);

-- --------------------------------------------------------

--
-- Table structure for table `penjualan`
--

CREATE TABLE `penjualan` (
  `id` int(11) NOT NULL,
  `tanggal` date NOT NULL,
  `nomor_transaksi` varchar(128) NOT NULL,
  `id_sales` int(11) NOT NULL,
  `kode_area` varchar(10) NOT NULL,
  `kode_pstarea` varchar(10) NOT NULL,
  `jumlah` int(11) NOT NULL,
  `date_created` int(11) NOT NULL,
  `date_update` int(11) NOT NULL,
  `id_user` int(11) NOT NULL,
  `status_penjualan` varchar(100) NOT NULL DEFAULT 'Pending'
) ENGINE=InnoDB DEFAULT CHARSET=latin1;

--
-- Dumping data for table `penjualan`
--

INSERT INTO `penjualan` (`id`, `tanggal`, `nomor_transaksi`, `id_sales`, `kode_area`, `kode_pstarea`, `jumlah`, `date_created`, `date_update`, `id_user`, `status_penjualan`) VALUES
(19, '2020-02-08', 'STOK20020012', 4, '', '', 67418750, 1581062879, 1581128284, 4, 'Stok'),
(20, '2020-02-08', 'STOK20020013', 1, '', '', 4954100, 1581125944, 1581151599, 4, 'Stok'),
(21, '2020-02-08', 'STOK20020014', 3, '', '', 7293750, 1581126029, 1581149803, 4, 'Stok'),
(22, '2020-02-08', 'STOK20020015', 2, '', '', 7142250, 1581126100, 1581145913, 4, 'Stok'),
(23, '2020-02-08', 'STOK20020016', 10, '', '', 132483300, 1581127205, 1581146932, 4, 'Stok'),
(24, '2020-02-08', 'STOK20020017', 6, '', '', 102684950, 1581127744, 1581135893, 4, 'Stok'),
(25, '2020-02-08', 'STOK20020018', 7, '', '', 178111000, 1581128062, 1581150403, 4, 'Stok'),
(26, '2020-02-08', 'STOK20020019', 9, '', '', 118692650, 1581128291, 1581140167, 4, 'Stok'),
(27, '2020-02-08', 'STOK20020020', 8, '', '', 157674350, 1581128476, 1581141325, 4, 'Stok'),
(28, '2020-02-08', 'STOK20020021', 5, '', '', 109317850, 1581128675, 1581145312, 4, 'Stok'),
(29, '2020-02-10', 'STOK20020022', 1, '', '', 5767250, 1581323421, 1581323583, 4, 'Koreksi'),
(30, '2020-02-10', 'STOK20020023', 10, '', '', 0, 1581305473, 1581305473, 3, 'Pending'),
(31, '2020-02-10', 'STOK20020024', 7, '', '', 0, 1581305614, 1581305614, 3, 'Pending'),
(32, '2020-02-10', 'STOK20020025', 3, '', '', 13703600, 1581323241, 1581323241, 4, 'Stok'),
(33, '2020-02-10', 'STOK20020026', 9, '', '', 0, 1581305793, 1581305793, 3, 'Pending'),
(34, '2020-02-10', 'STOK20020027', 11, '', '', 0, 1581306913, 1581306913, 3, 'Pending'),
(35, '2020-02-11', 'STOK20020028', 2, 'DG01', 'AR02', 34229550, 1581400462, 1581404158, 1, 'Koreksi'),
(36, '2020-02-10', 'STOK20020029', 8, '', '', 0, 1581307226, 1581307226, 3, 'Pending'),
(37, '2020-02-10', 'STOK20020030', 6, '', '', 0, 1581307320, 1581307320, 3, 'Pending'),
(38, '2020-02-10', 'STOK20020031', 13, '', '', 2949650, 1581322535, 1581322860, 4, 'Koreksi'),
(39, '2020-02-10', 'STOK20020032', 12, '', '', 8117350, 1581324166, 1581324166, 4, 'Stok'),
(40, '2020-02-11', 'STOK20020033', 1, 'PAL01', 'AR01', 4251200, 1581411589, 1581411589, 4, 'Stok'),
(41, '2020-02-11', 'STOK20020034', 3, 'PAL05', 'AR01', 19335400, 1581410791, 1581410791, 4, 'Stok'),
(42, '2020-02-12', 'STOK20020035', 15, 'AMP01', 'AR08', 135822300, 1581486811, 1581486811, 5, 'Stok'),
(43, '2020-02-12', 'STOK20020036', 14, 'PSO04', 'AR12', 251168700, 1581490094, 1581496142, 4, 'Koreksi'),
(44, '2020-02-11', 'STOK20020037', 16, 'PSO03', 'AR12', 184299800, 1581399349, 1581399349, 4, 'Stok'),
(45, '2020-02-12', 'STOK20020038', 12, 'PAL04', 'AR01', 3327050, 1581496392, 1581496392, 4, 'Stok'),
(46, '2020-02-12', 'STOK20020039', 1, 'PAL01', 'AR01', 5895500, 1581497233, 1581497233, 4, 'Stok'),
(47, '2020-02-12', 'STOK20020040', 3, 'PAL05', 'AR01', 15339500, 1581496558, 1581496558, 4, 'Stok'),
(48, '2020-02-12', 'STOK20020041', 13, '', '', 0, 1581484742, 1581484742, 3, 'Pending'),
(49, '2020-02-12', 'STOK20020042', 5, '', '', 0, 1581489487, 1581489487, 3, 'Pending'),
(50, '2020-02-13', 'STOK20020043', 3, 'PAL05', 'AR01', 16693100, 1581582427, 1581582427, 4, 'Stok'),
(51, '2020-02-13', 'STOK20020044', 1, 'PAL01', 'AR01', 4162100, 1581583026, 1581583026, 4, 'Stok'),
(52, '2020-02-13', 'STOK20020045', 16, 'PAL02', 'AR01', 3358050, 1581581540, 1581581609, 4, 'Koreksi'),
(53, '2020-02-13', 'STOK20020046', 12, 'PAL04', 'AR01', 7395100, 1581582075, 1581582075, 4, 'Stok');

-- --------------------------------------------------------

--
-- Table structure for table `produk`
--

CREATE TABLE `produk` (
  `id` int(11) NOT NULL,
  `kode` varchar(10) NOT NULL,
  `nama_produk` varchar(128) NOT NULL,
  `alias` varchar(128) NOT NULL,
  `banding` int(11) NOT NULL,
  `harga` int(11) NOT NULL,
  `is_active` int(11) NOT NULL
) ENGINE=InnoDB DEFAULT CHARSET=latin1;

--
-- Dumping data for table `produk`
--

INSERT INTO `produk` (`id`, `kode`, `nama_produk`, `alias`, `banding`, `harga`, `is_active`) VALUES
(1, 'R001', 'Potenza Filter 12', 'Ptz F12', 800, 9000, 1),
(2, 'R002', 'Potenza Filter 16', 'Ptz F16', 600, 12250, 1),
(3, 'R003', 'Potenza Kretek 12', 'Ptz K12', 800, 6200, 1),
(4, 'R004', 'Potenza Mild 20', 'Ptz M20', 600, 14000, 1),
(5, 'R005', 'Potenza Bold 20', 'Bold 20', 600, 15100, 1),
(6, 'R006', 'Potenza Bold 12', 'Bold 12', 800, 9000, 1),
(7, 'R007', 'Cakram F 16', 'Cakm F16', 600, 11400, 1),
(8, 'R008', 'Cakram Prima Kretek 12', 'Prima 12', 800, 6900, 1),
(9, 'R009', 'N30 Mild 16', 'N30 16', 600, 11000, 1),
(10, 'R010', 'Raga Kretek 12', 'Raga K12', 800, 5600, 1),
(11, 'R011', 'Raga Kretek 16', 'Raga K16', 600, 7100, 1),
(12, 'R012', 'Pahala Kretek 20', 'Pahala K20', 600, 8800, 1),
(13, 'R013', 'Tembakau Stromking', 'Stromking', 12, 275000, 1);

-- --------------------------------------------------------

--
-- Table structure for table `pusat_area`
--

CREATE TABLE `pusat_area` (
  `id` int(11) NOT NULL,
  `kode_pusatarea` varchar(10) NOT NULL,
  `nama_pusatarea` varchar(128) NOT NULL,
  `is_active` int(11) NOT NULL
) ENGINE=InnoDB DEFAULT CHARSET=latin1;

--
-- Dumping data for table `pusat_area`
--

INSERT INTO `pusat_area` (`id`, `kode_pusatarea`, `nama_pusatarea`, `is_active`) VALUES
(1, 'AR01', 'Kota Palu', 1),
(2, 'AR02', 'Donggala', 1),
(3, 'AR03', 'Pasangkayu', 1),
(4, 'AR04', 'Pantai Barat', 1),
(5, 'AR05', 'Pantai Timur', 1),
(6, 'AR06', 'Parigi ', 1),
(7, 'AR07', 'Gorontalo', 1),
(8, 'AR08', 'Ampana', 1),
(9, 'AR09', 'Morowali', 1),
(10, 'AR10', 'Palolo Napu', 1),
(11, 'AR11', 'Kulawi Gimpu', 1),
(12, 'AR12', 'Poso', 1);

-- --------------------------------------------------------

--
-- Table structure for table `role`
--

CREATE TABLE `role` (
  `id` int(11) NOT NULL,
  `role` varchar(128) NOT NULL
) ENGINE=InnoDB DEFAULT CHARSET=latin1;

--
-- Dumping data for table `role`
--

INSERT INTO `role` (`id`, `role`) VALUES
(1, 'admin'),
(2, 'sales');

-- --------------------------------------------------------

--
-- Table structure for table `sales`
--

CREATE TABLE `sales` (
  `id` int(11) NOT NULL,
  `kode_sales` varchar(10) NOT NULL,
  `nama_sales` varchar(128) NOT NULL,
  `daerah` varchar(128) NOT NULL,
  `foto` varchar(128) NOT NULL,
  `is_active` int(11) NOT NULL
) ENGINE=InnoDB DEFAULT CHARSET=latin1;

--
-- Dumping data for table `sales`
--

INSERT INTO `sales` (`id`, `kode_sales`, `nama_sales`, `daerah`, `foto`, `is_active`) VALUES
(1, 'A01', 'ABD.AZIS', '', '', 1),
(2, 'D01', 'DIDI', '', '', 1),
(3, 'M01', 'Marianus', 'Palu- Bangga', '', 1),
(4, 'D100', 'Dummy', 'tes', '', 1),
(5, 'A02', 'Abd.Hafid', 'Pantai Timur', '', 1),
(6, 'Y01', 'Yusuf', 'Poso', '', 1),
(7, 'Y02', 'Yovan', 'Palolo _ Napu', '', 1),
(8, 'R01', 'Randi', 'Pasang Kayu', '', 1),
(9, 'V01', 'Vicky', 'Pantai Timur', '', 1),
(10, 'F01', 'Faisal', 'Pantai Barat', '', 1),
(11, 'I01', 'IRWAN HAMKA', 'Pantai Timur', '', 1),
(12, 'F02', 'Fikrah', 'Morowali', '', 1),
(13, 'B01', 'Bambang Wahyudi', 'Morowali', '', 1),
(14, 'S01', 'Sapri', 'Poso', '', 1),
(15, 'G01', 'Galuh', 'Ampana - Bunta', '', 1),
(16, 'K01', 'Kadek Rustawan', 'Pendolo', '', 1);

-- --------------------------------------------------------

--
-- Table structure for table `transaksi`
--

CREATE TABLE `transaksi` (
  `id` int(11) NOT NULL,
  `nomor_stok` varchar(128) NOT NULL,
  `tanggal_awal` date NOT NULL,
  `tanggal_stok` date NOT NULL,
  `id_sales` int(11) NOT NULL,
  `kode_area` varchar(10) NOT NULL,
  `kode_pstarea` varchar(10) NOT NULL,
  `kode_produk` varchar(128) NOT NULL,
  `awal` int(11) NOT NULL,
  `akhir` int(11) NOT NULL,
  `status` varchar(128) NOT NULL DEFAULT 'Pending',
  `date_created` int(11) NOT NULL,
  `date_update` int(11) NOT NULL,
  `id_user` int(11) NOT NULL
) ENGINE=InnoDB DEFAULT CHARSET=latin1;

--
-- Dumping data for table `transaksi`
--

INSERT INTO `transaksi` (`id`, `nomor_stok`, `tanggal_awal`, `tanggal_stok`, `id_sales`, `kode_area`, `kode_pstarea`, `kode_produk`, `awal`, `akhir`, `status`, `date_created`, `date_update`, `id_user`) VALUES
(189, 'STOK20020013', '2020-02-08', '0000-00-00', 1, '', '', 'R001', 130, 85, 'Stok', 0, 0, 0),
(190, 'STOK20020013', '2020-02-08', '0000-00-00', 1, '', '', 'R002', 124, 86, 'Stok', 0, 0, 0),
(191, 'STOK20020013', '2020-02-08', '0000-00-00', 1, '', '', 'R003', 69, 61, 'Stok', 0, 0, 0),
(192, 'STOK20020013', '2020-02-08', '0000-00-00', 1, '', '', 'R004', 87, 52, 'Stok', 0, 0, 0),
(193, 'STOK20020013', '2020-02-08', '0000-00-00', 1, '', '', 'R005', 100, 0, 'Stok', 0, 0, 0),
(194, 'STOK20020013', '2020-02-08', '0000-00-00', 1, '', '', 'R006', 246, 20, 'Stok', 0, 0, 0),
(195, 'STOK20020013', '2020-02-08', '0000-00-00', 1, '', '', 'R007', 0, 0, 'Stok', 0, 0, 0),
(196, 'STOK20020013', '2020-02-08', '0000-00-00', 1, '', '', 'R008', 0, 0, 'Stok', 0, 0, 0),
(197, 'STOK20020013', '2020-02-08', '0000-00-00', 1, '', '', 'R009', 0, 0, 'Stok', 0, 0, 0),
(198, 'STOK20020013', '2020-02-08', '0000-00-00', 1, '', '', 'R010', 0, 0, 'Stok', 0, 0, 0),
(199, 'STOK20020013', '2020-02-08', '0000-00-00', 1, '', '', 'R011', 0, 0, 'Stok', 0, 0, 0),
(200, 'STOK20020013', '2020-02-08', '0000-00-00', 1, '', '', 'R012', 0, 0, 'Stok', 0, 0, 0),
(201, 'STOK20020013', '2020-02-08', '0000-00-00', 1, '', '', 'R013', 0, 0, 'Stok', 0, 0, 0),
(202, 'STOK20020014', '2020-02-08', '0000-00-00', 3, '', '', 'R001', 0, 0, 'Stok', 0, 0, 0),
(203, 'STOK20020014', '2020-02-08', '0000-00-00', 3, '', '', 'R002', 1609, 1456, 'Stok', 0, 0, 0),
(204, 'STOK20020014', '2020-02-08', '0000-00-00', 3, '', '', 'R003', 844, 799, 'Stok', 0, 0, 0),
(205, 'STOK20020014', '2020-02-08', '0000-00-00', 3, '', '', 'R004', 503, 428, 'Stok', 0, 0, 0),
(206, 'STOK20020014', '2020-02-08', '0000-00-00', 3, '', '', 'R005', 1611, 1476, 'Stok', 0, 0, 0),
(207, 'STOK20020014', '2020-02-08', '0000-00-00', 3, '', '', 'R006', 2203, 1975, 'Stok', 0, 0, 0),
(208, 'STOK20020014', '2020-02-08', '0000-00-00', 3, '', '', 'R007', 0, 0, 'Stok', 0, 0, 0),
(209, 'STOK20020014', '2020-02-08', '0000-00-00', 3, '', '', 'R008', 0, 0, 'Stok', 0, 0, 0),
(210, 'STOK20020014', '2020-02-08', '0000-00-00', 3, '', '', 'R009', 0, 0, 'Stok', 0, 0, 0),
(211, 'STOK20020014', '2020-02-08', '0000-00-00', 3, '', '', 'R010', 0, 0, 'Stok', 0, 0, 0),
(212, 'STOK20020014', '2020-02-08', '0000-00-00', 3, '', '', 'R011', 0, 0, 'Stok', 0, 0, 0),
(213, 'STOK20020014', '2020-02-08', '0000-00-00', 3, '', '', 'R012', 0, 0, 'Stok', 0, 0, 0),
(214, 'STOK20020014', '2020-02-08', '0000-00-00', 3, '', '', 'R013', 0, 0, 'Stok', 0, 0, 0),
(215, 'STOK20020015', '2020-02-08', '0000-00-00', 2, '', '', 'R001', 31, 0, 'Stok', 0, 0, 0),
(216, 'STOK20020015', '2020-02-08', '0000-00-00', 2, '', '', 'R002', 304, 199, 'Stok', 0, 0, 0),
(217, 'STOK20020015', '2020-02-08', '0000-00-00', 2, '', '', 'R003', 331, 331, 'Stok', 0, 0, 0),
(218, 'STOK20020015', '2020-02-08', '0000-00-00', 2, '', '', 'R004', 234, 207, 'Stok', 0, 0, 0),
(219, 'STOK20020015', '2020-02-08', '0000-00-00', 2, '', '', 'R005', 323, 83, 'Stok', 0, 0, 0),
(220, 'STOK20020015', '2020-02-08', '0000-00-00', 2, '', '', 'R006', 599, 424, 'Stok', 0, 0, 0),
(221, 'STOK20020015', '2020-02-08', '0000-00-00', 2, '', '', 'R007', 0, 0, 'Stok', 0, 0, 0),
(222, 'STOK20020015', '2020-02-08', '0000-00-00', 2, '', '', 'R008', 0, 0, 'Stok', 0, 0, 0),
(223, 'STOK20020015', '2020-02-08', '0000-00-00', 2, '', '', 'R009', 0, 0, 'Stok', 0, 0, 0),
(224, 'STOK20020015', '2020-02-08', '0000-00-00', 2, '', '', 'R010', 0, 0, 'Stok', 0, 0, 0),
(225, 'STOK20020015', '2020-02-08', '0000-00-00', 2, '', '', 'R011', 0, 0, 'Stok', 0, 0, 0),
(226, 'STOK20020015', '2020-02-08', '0000-00-00', 2, '', '', 'R012', 0, 0, 'Stok', 0, 0, 0),
(227, 'STOK20020015', '2020-02-08', '0000-00-00', 2, '', '', 'R013', 0, 0, 'Stok', 0, 0, 0),
(228, 'STOK20020016', '2020-02-08', '0000-00-00', 10, '', '', 'R001', 1805, 0, 'Stok', 0, 0, 0),
(229, 'STOK20020016', '2020-02-08', '0000-00-00', 10, '', '', 'R002', 2620, 1226, 'Stok', 0, 0, 0),
(230, 'STOK20020016', '2020-02-08', '0000-00-00', 10, '', '', 'R003', 1605, 15, 'Stok', 0, 0, 0),
(231, 'STOK20020016', '2020-02-08', '0000-00-00', 10, '', '', 'R004', 1800, 626, 'Stok', 0, 0, 0),
(232, 'STOK20020016', '2020-02-08', '0000-00-00', 10, '', '', 'R005', 4803, 1687, 'Stok', 0, 0, 0),
(233, 'STOK20020016', '2020-02-08', '0000-00-00', 10, '', '', 'R006', 4511, 2023, 'Stok', 0, 0, 0),
(234, 'STOK20020016', '2020-02-08', '0000-00-00', 10, '', '', 'R007', 0, 0, 'Stok', 0, 0, 0),
(235, 'STOK20020016', '2020-02-08', '0000-00-00', 10, '', '', 'R008', 0, 0, 'Stok', 0, 0, 0),
(236, 'STOK20020016', '2020-02-08', '0000-00-00', 10, '', '', 'R009', 488, 462, 'Stok', 0, 0, 0),
(237, 'STOK20020016', '2020-02-08', '0000-00-00', 10, '', '', 'R010', 0, 0, 'Stok', 0, 0, 0),
(238, 'STOK20020016', '2020-02-08', '0000-00-00', 10, '', '', 'R011', 630, 188, 'Stok', 0, 0, 0),
(239, 'STOK20020016', '2020-02-08', '0000-00-00', 10, '', '', 'R012', 0, 0, 'Stok', 0, 0, 0),
(240, 'STOK20020016', '2020-02-08', '0000-00-00', 10, '', '', 'R013', 0, 0, 'Stok', 0, 0, 0),
(241, 'STOK20020017', '2020-02-08', '0000-00-00', 6, '', '', 'R001', 515, 342, 'Stok', 0, 0, 0),
(242, 'STOK20020017', '2020-02-08', '0000-00-00', 6, '', '', 'R002', 907, 0, 'Stok', 0, 0, 0),
(243, 'STOK20020017', '2020-02-08', '0000-00-00', 6, '', '', 'R003', 578, 218, 'Stok', 0, 0, 0),
(244, 'STOK20020017', '2020-02-08', '0000-00-00', 6, '', '', 'R004', 2002, 359, 'Stok', 0, 0, 0),
(245, 'STOK20020017', '2020-02-08', '0000-00-00', 6, '', '', 'R005', 3601, 163, 'Stok', 0, 0, 0),
(246, 'STOK20020017', '2020-02-08', '0000-00-00', 6, '', '', 'R006', 1600, 437, 'Stok', 0, 0, 0),
(247, 'STOK20020017', '2020-02-08', '0000-00-00', 6, '', '', 'R007', 0, 0, 'Stok', 0, 0, 0),
(248, 'STOK20020017', '2020-02-08', '0000-00-00', 6, '', '', 'R008', 0, 0, 'Stok', 0, 0, 0),
(249, 'STOK20020017', '2020-02-08', '0000-00-00', 6, '', '', 'R009', 80, 80, 'Stok', 0, 0, 0),
(250, 'STOK20020017', '2020-02-08', '0000-00-00', 6, '', '', 'R010', 0, 0, 'Stok', 0, 0, 0),
(251, 'STOK20020017', '2020-02-08', '0000-00-00', 6, '', '', 'R011', 0, 0, 'Stok', 0, 0, 0),
(252, 'STOK20020017', '2020-02-08', '0000-00-00', 6, '', '', 'R012', 428, 155, 'Stok', 0, 0, 0),
(253, 'STOK20020017', '2020-02-08', '0000-00-00', 6, '', '', 'R013', 0, 0, 'Stok', 0, 0, 0),
(254, 'STOK20020018', '2020-02-08', '0000-00-00', 7, '', '', 'R001', 980, 0, 'Stok', 0, 0, 0),
(255, 'STOK20020018', '2020-02-08', '0000-00-00', 7, '', '', 'R002', 2400, 0, 'Stok', 0, 0, 0),
(256, 'STOK20020018', '2020-02-08', '0000-00-00', 7, '', '', 'R003', 1600, 0, 'Stok', 0, 0, 0),
(257, 'STOK20020018', '2020-02-08', '0000-00-00', 7, '', '', 'R004', 1201, 86, 'Stok', 0, 0, 0),
(258, 'STOK20020018', '2020-02-08', '0000-00-00', 7, '', '', 'R005', 6000, 1098, 'Stok', 0, 0, 0),
(259, 'STOK20020018', '2020-02-08', '0000-00-00', 7, '', '', 'R006', 4000, 2, 'Stok', 0, 0, 0),
(260, 'STOK20020018', '2020-02-08', '0000-00-00', 7, '', '', 'R007', 0, 0, 'Stok', 0, 0, 0),
(261, 'STOK20020018', '2020-02-08', '0000-00-00', 7, '', '', 'R008', 0, 0, 'Stok', 0, 0, 0),
(262, 'STOK20020018', '2020-02-08', '0000-00-00', 7, '', '', 'R009', 785, 665, 'Stok', 0, 0, 0),
(263, 'STOK20020018', '2020-02-08', '0000-00-00', 7, '', '', 'R010', 0, 0, 'Stok', 0, 0, 0),
(264, 'STOK20020018', '2020-02-08', '0000-00-00', 7, '', '', 'R011', 428, 0, 'Stok', 0, 0, 0),
(265, 'STOK20020018', '2020-02-08', '0000-00-00', 7, '', '', 'R012', 0, 0, 'Stok', 0, 0, 0),
(266, 'STOK20020018', '2020-02-08', '0000-00-00', 7, '', '', 'R013', 0, 0, 'Stok', 0, 0, 0),
(267, 'STOK20020019', '2020-02-08', '0000-00-00', 9, '', '', 'R001', 890, 0, 'Stok', 0, 0, 0),
(268, 'STOK20020019', '2020-02-08', '0000-00-00', 9, '', '', 'R002', 2467, 878, 'Stok', 0, 0, 0),
(269, 'STOK20020019', '2020-02-08', '0000-00-00', 9, '', '', 'R003', 1600, 628, 'Stok', 0, 0, 0),
(270, 'STOK20020019', '2020-02-08', '0000-00-00', 9, '', '', 'R004', 1800, 917, 'Stok', 0, 0, 0),
(271, 'STOK20020019', '2020-02-08', '0000-00-00', 9, '', '', 'R005', 4477, 1687, 'Stok', 0, 0, 0),
(272, 'STOK20020019', '2020-02-08', '0000-00-00', 9, '', '', 'R006', 4830, 1777, 'Stok', 0, 0, 0),
(273, 'STOK20020019', '2020-02-08', '0000-00-00', 9, '', '', 'R007', 0, 0, 'Stok', 0, 0, 0),
(274, 'STOK20020019', '2020-02-08', '0000-00-00', 9, '', '', 'R008', 0, 0, 'Stok', 0, 0, 0),
(275, 'STOK20020019', '2020-02-08', '0000-00-00', 9, '', '', 'R009', 655, 398, 'Stok', 0, 0, 0),
(276, 'STOK20020019', '2020-02-08', '0000-00-00', 9, '', '', 'R010', 0, 0, 'Stok', 0, 0, 0),
(277, 'STOK20020019', '2020-02-08', '0000-00-00', 9, '', '', 'R011', 0, 0, 'Stok', 0, 0, 0),
(278, 'STOK20020019', '2020-02-08', '0000-00-00', 9, '', '', 'R012', 45, 0, 'Stok', 0, 0, 0),
(279, 'STOK20020019', '2020-02-08', '0000-00-00', 9, '', '', 'R013', 0, 0, 'Stok', 0, 0, 0),
(280, 'STOK20020020', '2020-02-08', '0000-00-00', 8, '', '', 'R001', 774, 58, 'Stok', 0, 0, 0),
(281, 'STOK20020020', '2020-02-08', '0000-00-00', 8, '', '', 'R002', 2381, 410, 'Stok', 0, 0, 0),
(282, 'STOK20020020', '2020-02-08', '0000-00-00', 8, '', '', 'R003', 656, 236, 'Stok', 0, 0, 0),
(283, 'STOK20020020', '2020-02-08', '0000-00-00', 8, '', '', 'R004', 3840, 257, 'Stok', 0, 0, 0),
(284, 'STOK20020020', '2020-02-08', '0000-00-00', 8, '', '', 'R005', 4373, 687, 'Stok', 0, 0, 0),
(285, 'STOK20020020', '2020-02-08', '0000-00-00', 8, '', '', 'R006', 2339, 763, 'Stok', 0, 0, 0),
(286, 'STOK20020020', '2020-02-08', '0000-00-00', 8, '', '', 'R007', 0, 0, 'Stok', 0, 0, 0),
(287, 'STOK20020020', '2020-02-08', '0000-00-00', 8, '', '', 'R008', 0, 0, 'Stok', 0, 0, 0),
(288, 'STOK20020020', '2020-02-08', '0000-00-00', 8, '', '', 'R009', 415, 340, 'Stok', 0, 0, 0),
(289, 'STOK20020020', '2020-02-08', '0000-00-00', 8, '', '', 'R010', 0, 0, 'Stok', 0, 0, 0),
(290, 'STOK20020020', '2020-02-08', '0000-00-00', 8, '', '', 'R011', 0, 0, 'Stok', 0, 0, 0),
(291, 'STOK20020020', '2020-02-08', '0000-00-00', 8, '', '', 'R012', 415, 0, 'Stok', 0, 0, 0),
(292, 'STOK20020020', '2020-02-08', '0000-00-00', 8, '', '', 'R013', 0, 0, 'Stok', 0, 0, 0),
(293, 'STOK20020021', '2020-02-08', '0000-00-00', 5, '', '', 'R001', 805, 6, 'Stok', 0, 0, 0),
(294, 'STOK20020021', '2020-02-08', '0000-00-00', 5, '', '', 'R002', 1269, 2, 'Stok', 0, 0, 0),
(295, 'STOK20020021', '2020-02-08', '0000-00-00', 5, '', '', 'R003', 802, 500, 'Stok', 0, 0, 0),
(296, 'STOK20020021', '2020-02-08', '0000-00-00', 5, '', '', 'R004', 1205, 225, 'Stok', 0, 0, 0),
(297, 'STOK20020021', '2020-02-08', '0000-00-00', 5, '', '', 'R005', 3600, 652, 'Stok', 0, 0, 0),
(298, 'STOK20020021', '2020-02-08', '0000-00-00', 5, '', '', 'R006', 4002, 1292, 'Stok', 0, 0, 0),
(299, 'STOK20020021', '2020-02-08', '0000-00-00', 5, '', '', 'R007', 0, 0, 'Stok', 0, 0, 0),
(300, 'STOK20020021', '2020-02-08', '0000-00-00', 5, '', '', 'R008', 0, 0, 'Stok', 0, 0, 0),
(301, 'STOK20020021', '2020-02-08', '0000-00-00', 5, '', '', 'R009', 302, 177, 'Stok', 0, 0, 0),
(302, 'STOK20020021', '2020-02-08', '0000-00-00', 5, '', '', 'R010', 0, 0, 'Stok', 0, 0, 0),
(303, 'STOK20020021', '2020-02-08', '0000-00-00', 5, '', '', 'R011', 450, 421, 'Stok', 0, 0, 0),
(304, 'STOK20020021', '2020-02-08', '0000-00-00', 5, '', '', 'R012', 353, 293, 'Stok', 0, 0, 0),
(305, 'STOK20020021', '2020-02-08', '0000-00-00', 5, '', '', 'R013', 0, 0, 'Stok', 0, 0, 0),
(306, 'STOK20020022', '2020-02-10', '0000-00-00', 1, '', '', 'R001', 135, 1, 'Koreksi', 0, 0, 0),
(307, 'STOK20020022', '2020-02-10', '0000-00-00', 1, '', '', 'R002', 136, 69, 'Koreksi', 0, 0, 0),
(308, 'STOK20020022', '2020-02-10', '0000-00-00', 1, '', '', 'R003', 91, 66, 'Koreksi', 0, 0, 0),
(309, 'STOK20020022', '2020-02-10', '0000-00-00', 1, '', '', 'R004', 92, 47, 'Koreksi', 0, 0, 0),
(310, 'STOK20020022', '2020-02-10', '0000-00-00', 1, '', '', 'R005', 100, 5, 'Koreksi', 0, 0, 0),
(311, 'STOK20020022', '2020-02-10', '0000-00-00', 1, '', '', 'R006', 300, 131, 'Koreksi', 0, 0, 0),
(312, 'STOK20020022', '2020-02-10', '0000-00-00', 1, '', '', 'R007', 0, 0, 'Koreksi', 0, 0, 0),
(313, 'STOK20020022', '2020-02-10', '0000-00-00', 1, '', '', 'R008', 0, 0, 'Koreksi', 0, 0, 0),
(314, 'STOK20020022', '2020-02-10', '0000-00-00', 1, '', '', 'R009', 0, 0, 'Koreksi', 0, 0, 0),
(315, 'STOK20020022', '2020-02-10', '0000-00-00', 1, '', '', 'R010', 0, 0, 'Koreksi', 0, 0, 0),
(316, 'STOK20020022', '2020-02-10', '0000-00-00', 1, '', '', 'R011', 0, 0, 'Koreksi', 0, 0, 0),
(317, 'STOK20020022', '2020-02-10', '0000-00-00', 1, '', '', 'R012', 0, 0, 'Koreksi', 0, 0, 0),
(318, 'STOK20020022', '2020-02-10', '0000-00-00', 1, '', '', 'R013', 0, 0, 'Koreksi', 0, 0, 0),
(319, 'STOK20020023', '2020-02-10', '0000-00-00', 10, '', '', 'R001', 6, 0, 'Pending', 0, 0, 0),
(320, 'STOK20020023', '2020-02-10', '0000-00-00', 10, '', '', 'R002', 2402, 0, 'Pending', 0, 0, 0),
(321, 'STOK20020023', '2020-02-10', '0000-00-00', 10, '', '', 'R003', 2100, 0, 'Pending', 0, 0, 0),
(322, 'STOK20020023', '2020-02-10', '0000-00-00', 10, '', '', 'R004', 2025, 0, 'Pending', 0, 0, 0),
(323, 'STOK20020023', '2020-02-10', '0000-00-00', 10, '', '', 'R005', 4252, 0, 'Pending', 0, 0, 0),
(324, 'STOK20020023', '2020-02-10', '0000-00-00', 10, '', '', 'R006', 1292, 0, 'Pending', 0, 0, 0),
(325, 'STOK20020023', '2020-02-10', '0000-00-00', 10, '', '', 'R007', 0, 0, 'Pending', 0, 0, 0),
(326, 'STOK20020023', '2020-02-10', '0000-00-00', 10, '', '', 'R008', 0, 0, 'Pending', 0, 0, 0),
(327, 'STOK20020023', '2020-02-10', '0000-00-00', 10, '', '', 'R009', 777, 0, 'Pending', 0, 0, 0),
(328, 'STOK20020023', '2020-02-10', '0000-00-00', 10, '', '', 'R010', 0, 0, 'Pending', 0, 0, 0),
(329, 'STOK20020023', '2020-02-10', '0000-00-00', 10, '', '', 'R011', 421, 0, 'Pending', 0, 0, 0),
(330, 'STOK20020023', '2020-02-10', '0000-00-00', 10, '', '', 'R012', 293, 0, 'Pending', 0, 0, 0),
(331, 'STOK20020023', '2020-02-10', '0000-00-00', 10, '', '', 'R013', 0, 0, 'Pending', 0, 0, 0),
(332, 'STOK20020024', '2020-02-10', '0000-00-00', 7, '', '', 'R001', 0, 0, 'Pending', 0, 0, 0),
(333, 'STOK20020024', '2020-02-10', '0000-00-00', 7, '', '', 'R002', 2400, 0, 'Pending', 0, 0, 0),
(334, 'STOK20020024', '2020-02-10', '0000-00-00', 7, '', '', 'R003', 2400, 0, 'Pending', 0, 0, 0),
(335, 'STOK20020024', '2020-02-10', '0000-00-00', 7, '', '', 'R004', 1286, 0, 'Pending', 0, 0, 0),
(336, 'STOK20020024', '2020-02-10', '0000-00-00', 7, '', '', 'R005', 5898, 0, 'Pending', 0, 0, 0),
(337, 'STOK20020024', '2020-02-10', '0000-00-00', 7, '', '', 'R006', 2, 0, 'Pending', 0, 0, 0),
(338, 'STOK20020024', '2020-02-10', '0000-00-00', 7, '', '', 'R007', 0, 0, 'Pending', 0, 0, 0),
(339, 'STOK20020024', '2020-02-10', '0000-00-00', 7, '', '', 'R008', 0, 0, 'Pending', 0, 0, 0),
(340, 'STOK20020024', '2020-02-10', '0000-00-00', 7, '', '', 'R009', 665, 0, 'Pending', 0, 0, 0),
(341, 'STOK20020024', '2020-02-10', '0000-00-00', 7, '', '', 'R010', 0, 0, 'Pending', 0, 0, 0),
(342, 'STOK20020024', '2020-02-10', '0000-00-00', 7, '', '', 'R011', 600, 0, 'Pending', 0, 0, 0),
(343, 'STOK20020024', '2020-02-10', '0000-00-00', 7, '', '', 'R012', 0, 0, 'Pending', 0, 0, 0),
(344, 'STOK20020024', '2020-02-10', '0000-00-00', 7, '', '', 'R013', 0, 0, 'Pending', 0, 0, 0),
(345, 'STOK20020025', '2020-02-10', '0000-00-00', 3, '', '', 'R001', 0, 0, 'Stok', 0, 0, 0),
(346, 'STOK20020025', '2020-02-10', '0000-00-00', 3, '', '', 'R002', 1456, 1276, 'Stok', 0, 0, 0),
(347, 'STOK20020025', '2020-02-10', '0000-00-00', 3, '', '', 'R003', 799, 764, 'Stok', 0, 0, 0),
(348, 'STOK20020025', '2020-02-10', '0000-00-00', 3, '', '', 'R004', 428, 320, 'Stok', 0, 0, 0),
(349, 'STOK20020025', '2020-02-10', '0000-00-00', 3, '', '', 'R005', 1476, 1130, 'Stok', 0, 0, 0),
(350, 'STOK20020025', '2020-02-10', '0000-00-00', 3, '', '', 'R006', 1975, 1470, 'Stok', 0, 0, 0),
(351, 'STOK20020025', '2020-02-10', '0000-00-00', 3, '', '', 'R007', 0, 0, 'Stok', 0, 0, 0),
(352, 'STOK20020025', '2020-02-10', '0000-00-00', 3, '', '', 'R008', 0, 0, 'Stok', 0, 0, 0),
(353, 'STOK20020025', '2020-02-10', '0000-00-00', 3, '', '', 'R009', 0, 0, 'Stok', 0, 0, 0),
(354, 'STOK20020025', '2020-02-10', '0000-00-00', 3, '', '', 'R010', 0, 0, 'Stok', 0, 0, 0),
(355, 'STOK20020025', '2020-02-10', '0000-00-00', 3, '', '', 'R011', 0, 0, 'Stok', 0, 0, 0),
(356, 'STOK20020025', '2020-02-10', '0000-00-00', 3, '', '', 'R012', 0, 0, 'Stok', 0, 0, 0),
(357, 'STOK20020025', '2020-02-10', '0000-00-00', 3, '', '', 'R013', 0, 0, 'Stok', 0, 0, 0),
(358, 'STOK20020026', '2020-02-10', '0000-00-00', 9, '', '', 'R001', 0, 0, 'Pending', 0, 0, 0),
(359, 'STOK20020026', '2020-02-10', '0000-00-00', 9, '', '', 'R002', 3026, 0, 'Pending', 0, 0, 0),
(360, 'STOK20020026', '2020-02-10', '0000-00-00', 9, '', '', 'R003', 2415, 0, 'Pending', 0, 0, 0),
(361, 'STOK20020026', '2020-02-10', '0000-00-00', 9, '', '', 'R004', 2426, 0, 'Pending', 0, 0, 0),
(362, 'STOK20020026', '2020-02-10', '0000-00-00', 9, '', '', 'R005', 4687, 0, 'Pending', 0, 0, 0),
(363, 'STOK20020026', '2020-02-10', '0000-00-00', 9, '', '', 'R006', 2023, 0, 'Pending', 0, 0, 0),
(364, 'STOK20020026', '2020-02-10', '0000-00-00', 9, '', '', 'R007', 0, 0, 'Pending', 0, 0, 0),
(365, 'STOK20020026', '2020-02-10', '0000-00-00', 9, '', '', 'R008', 0, 0, 'Pending', 0, 0, 0),
(366, 'STOK20020026', '2020-02-10', '0000-00-00', 9, '', '', 'R009', 462, 0, 'Pending', 0, 0, 0),
(367, 'STOK20020026', '2020-02-10', '0000-00-00', 9, '', '', 'R010', 0, 0, 'Pending', 0, 0, 0),
(368, 'STOK20020026', '2020-02-10', '0000-00-00', 9, '', '', 'R011', 1388, 0, 'Pending', 0, 0, 0),
(369, 'STOK20020026', '2020-02-10', '0000-00-00', 9, '', '', 'R012', 0, 0, 'Pending', 0, 0, 0),
(370, 'STOK20020026', '2020-02-10', '0000-00-00', 9, '', '', 'R013', 0, 0, 'Pending', 0, 0, 0),
(371, 'STOK20020027', '2020-02-10', '0000-00-00', 11, '', '', 'R001', 0, 0, 'Pending', 0, 0, 0),
(372, 'STOK20020027', '2020-02-10', '0000-00-00', 11, '', '', 'R002', 2078, 0, 'Pending', 0, 0, 0),
(373, 'STOK20020027', '2020-02-10', '0000-00-00', 11, '', '', 'R003', 1428, 0, 'Pending', 0, 0, 0),
(374, 'STOK20020027', '2020-02-10', '0000-00-00', 11, '', '', 'R004', 1517, 0, 'Pending', 0, 0, 0),
(375, 'STOK20020027', '2020-02-10', '0000-00-00', 11, '', '', 'R005', 4687, 0, 'Pending', 0, 0, 0),
(376, 'STOK20020027', '2020-02-10', '0000-00-00', 11, '', '', 'R006', 2577, 0, 'Pending', 0, 0, 0),
(377, 'STOK20020027', '2020-02-10', '0000-00-00', 11, '', '', 'R007', 0, 0, 'Pending', 0, 0, 0),
(378, 'STOK20020027', '2020-02-10', '0000-00-00', 11, '', '', 'R008', 0, 0, 'Pending', 0, 0, 0),
(379, 'STOK20020027', '2020-02-10', '0000-00-00', 11, '', '', 'R009', 1598, 0, 'Pending', 0, 0, 0),
(380, 'STOK20020027', '2020-02-10', '0000-00-00', 11, '', '', 'R010', 0, 0, 'Pending', 0, 0, 0),
(381, 'STOK20020027', '2020-02-10', '0000-00-00', 11, '', '', 'R011', 600, 0, 'Pending', 0, 0, 0),
(382, 'STOK20020027', '2020-02-10', '0000-00-00', 11, '', '', 'R012', 1200, 0, 'Pending', 0, 0, 0),
(383, 'STOK20020027', '2020-02-10', '0000-00-00', 11, '', '', 'R013', 0, 0, 'Pending', 0, 0, 0),
(384, 'STOK20020028', '2020-02-10', '2020-02-11', 2, 'DG01', 'AR02', 'R001', 0, 0, 'Koreksi', 0, 0, 0),
(385, 'STOK20020028', '2020-02-10', '2020-02-11', 2, 'DG01', 'AR02', 'R002', 1999, 1476, 'Koreksi', 0, 0, 0),
(386, 'STOK20020028', '2020-02-10', '2020-02-11', 2, 'DG01', 'AR02', 'R003', 1131, 561, 'Koreksi', 0, 0, 0),
(387, 'STOK20020028', '2020-02-10', '2020-02-11', 2, 'DG01', 'AR02', 'R004', 1407, 1075, 'Koreksi', 0, 0, 0),
(388, 'STOK20020028', '2020-02-10', '2020-02-11', 2, 'DG01', 'AR02', 'R005', 3083, 2035, 'Koreksi', 0, 0, 0),
(389, 'STOK20020028', '2020-02-10', '2020-02-11', 2, 'DG01', 'AR02', 'R006', 424, 0, 'Koreksi', 0, 0, 0),
(390, 'STOK20020028', '2020-02-10', '2020-02-11', 2, 'DG01', 'AR02', 'R007', 0, 0, 'Koreksi', 0, 0, 0),
(391, 'STOK20020028', '2020-02-10', '2020-02-11', 2, 'DG01', 'AR02', 'R008', 0, 0, 'Koreksi', 0, 0, 0),
(392, 'STOK20020028', '2020-02-10', '2020-02-11', 2, 'DG01', 'AR02', 'R009', 0, 0, 'Koreksi', 0, 0, 0),
(393, 'STOK20020028', '2020-02-10', '2020-02-11', 2, 'DG01', 'AR02', 'R010', 0, 0, 'Koreksi', 0, 0, 0),
(394, 'STOK20020028', '2020-02-10', '2020-02-11', 2, 'DG01', 'AR02', 'R011', 0, 0, 'Koreksi', 0, 0, 0),
(395, 'STOK20020028', '2020-02-10', '2020-02-11', 2, 'DG01', 'AR02', 'R012', 0, 0, 'Koreksi', 0, 0, 0),
(396, 'STOK20020028', '2020-02-10', '2020-02-11', 2, 'DG01', 'AR02', 'R013', 0, 0, 'Koreksi', 0, 0, 0),
(397, 'STOK20020029', '2020-02-10', '0000-00-00', 8, '', '', 'R001', 58, 0, 'Pending', 0, 0, 0),
(398, 'STOK20020029', '2020-02-10', '0000-00-00', 8, '', '', 'R002', 1610, 0, 'Pending', 0, 0, 0),
(399, 'STOK20020029', '2020-02-10', '0000-00-00', 8, '', '', 'R003', 236, 0, 'Pending', 0, 0, 0),
(400, 'STOK20020029', '2020-02-10', '0000-00-00', 8, '', '', 'R004', 2057, 0, 'Pending', 0, 0, 0),
(401, 'STOK20020029', '2020-02-10', '0000-00-00', 8, '', '', 'R005', 4887, 0, 'Pending', 0, 0, 0),
(402, 'STOK20020029', '2020-02-10', '0000-00-00', 8, '', '', 'R006', 1563, 0, 'Pending', 0, 0, 0),
(403, 'STOK20020029', '2020-02-10', '0000-00-00', 8, '', '', 'R007', 0, 0, 'Pending', 0, 0, 0),
(404, 'STOK20020029', '2020-02-10', '0000-00-00', 8, '', '', 'R008', 0, 0, 'Pending', 0, 0, 0),
(405, 'STOK20020029', '2020-02-10', '0000-00-00', 8, '', '', 'R009', 940, 0, 'Pending', 0, 0, 0),
(406, 'STOK20020029', '2020-02-10', '0000-00-00', 8, '', '', 'R010', 0, 0, 'Pending', 0, 0, 0),
(407, 'STOK20020029', '2020-02-10', '0000-00-00', 8, '', '', 'R011', 0, 0, 'Pending', 0, 0, 0),
(408, 'STOK20020029', '2020-02-10', '0000-00-00', 8, '', '', 'R012', 600, 0, 'Pending', 0, 0, 0),
(409, 'STOK20020029', '2020-02-10', '0000-00-00', 8, '', '', 'R013', 0, 0, 'Pending', 0, 0, 0),
(410, 'STOK20020030', '2020-02-10', '0000-00-00', 6, '', '', 'R001', 342, 0, 'Pending', 0, 0, 0),
(411, 'STOK20020030', '2020-02-10', '0000-00-00', 6, '', '', 'R002', 600, 0, 'Pending', 0, 0, 0),
(412, 'STOK20020030', '2020-02-10', '0000-00-00', 6, '', '', 'R003', 218, 0, 'Pending', 0, 0, 0),
(413, 'STOK20020030', '2020-02-10', '0000-00-00', 6, '', '', 'R004', 1559, 0, 'Pending', 0, 0, 0),
(414, 'STOK20020030', '2020-02-10', '0000-00-00', 6, '', '', 'R005', 3163, 0, 'Pending', 0, 0, 0),
(415, 'STOK20020030', '2020-02-10', '0000-00-00', 6, '', '', 'R006', 1237, 0, 'Pending', 0, 0, 0),
(416, 'STOK20020030', '2020-02-10', '0000-00-00', 6, '', '', 'R007', 0, 0, 'Pending', 0, 0, 0),
(417, 'STOK20020030', '2020-02-10', '0000-00-00', 6, '', '', 'R008', 0, 0, 'Pending', 0, 0, 0),
(418, 'STOK20020030', '2020-02-10', '0000-00-00', 6, '', '', 'R009', 80, 0, 'Pending', 0, 0, 0),
(419, 'STOK20020030', '2020-02-10', '0000-00-00', 6, '', '', 'R010', 0, 0, 'Pending', 0, 0, 0),
(420, 'STOK20020030', '2020-02-10', '0000-00-00', 6, '', '', 'R011', 0, 0, 'Pending', 0, 0, 0),
(421, 'STOK20020030', '2020-02-10', '0000-00-00', 6, '', '', 'R012', 755, 0, 'Pending', 0, 0, 0),
(422, 'STOK20020030', '2020-02-10', '0000-00-00', 6, '', '', 'R013', 0, 0, 'Pending', 0, 0, 0),
(423, 'STOK20020031', '2020-02-10', '0000-00-00', 13, '', '', 'R001', 0, 0, 'Koreksi', 0, 0, 0),
(424, 'STOK20020031', '2020-02-10', '0000-00-00', 13, '', '', 'R002', 200, 165, 'Koreksi', 0, 0, 0),
(425, 'STOK20020031', '2020-02-10', '0000-00-00', 13, '', '', 'R003', 100, 90, 'Koreksi', 0, 0, 0),
(426, 'STOK20020031', '2020-02-10', '0000-00-00', 13, '', '', 'R004', 0, 0, 'Koreksi', 0, 0, 0),
(427, 'STOK20020031', '2020-02-10', '0000-00-00', 13, '', '', 'R005', 714, 575, 'Koreksi', 0, 0, 0),
(428, 'STOK20020031', '2020-02-10', '0000-00-00', 13, '', '', 'R006', 590, 550, 'Koreksi', 0, 0, 0),
(429, 'STOK20020031', '2020-02-10', '0000-00-00', 13, '', '', 'R007', 570, 570, 'Koreksi', 0, 0, 0),
(430, 'STOK20020031', '2020-02-10', '0000-00-00', 13, '', '', 'R008', 0, 0, 'Koreksi', 0, 0, 0),
(431, 'STOK20020031', '2020-02-10', '0000-00-00', 13, '', '', 'R009', 0, 0, 'Koreksi', 0, 0, 0),
(432, 'STOK20020031', '2020-02-10', '0000-00-00', 13, '', '', 'R010', 2535, 2535, 'Koreksi', 0, 0, 0),
(433, 'STOK20020031', '2020-02-10', '0000-00-00', 13, '', '', 'R011', 530, 530, 'Koreksi', 0, 0, 0),
(434, 'STOK20020031', '2020-02-10', '0000-00-00', 13, '', '', 'R012', 0, 0, 'Koreksi', 0, 0, 0),
(435, 'STOK20020031', '2020-02-10', '0000-00-00', 13, '', '', 'R013', 0, 0, 'Koreksi', 0, 0, 0),
(436, 'STOK20020032', '2020-02-10', '0000-00-00', 12, '', '', 'R001', 0, 0, 'Stok', 0, 0, 0),
(437, 'STOK20020032', '2020-02-10', '0000-00-00', 12, '', '', 'R002', 300, 241, 'Stok', 0, 0, 0),
(438, 'STOK20020032', '2020-02-10', '0000-00-00', 12, '', '', 'R003', 100, 80, 'Stok', 0, 0, 0),
(439, 'STOK20020032', '2020-02-10', '0000-00-00', 12, '', '', 'R004', 601, 505, 'Stok', 0, 0, 0),
(440, 'STOK20020032', '2020-02-10', '0000-00-00', 12, '', '', 'R005', 600, 344, 'Stok', 0, 0, 0),
(441, 'STOK20020032', '2020-02-10', '0000-00-00', 12, '', '', 'R006', 1140, 911, 'Stok', 0, 0, 0),
(442, 'STOK20020032', '2020-02-10', '0000-00-00', 12, '', '', 'R007', 53, 53, 'Stok', 0, 0, 0),
(443, 'STOK20020032', '2020-02-10', '0000-00-00', 12, '', '', 'R008', 0, 0, 'Stok', 0, 0, 0),
(444, 'STOK20020032', '2020-02-10', '0000-00-00', 12, '', '', 'R009', 0, 0, 'Stok', 0, 0, 0),
(445, 'STOK20020032', '2020-02-10', '0000-00-00', 12, '', '', 'R010', 1845, 1845, 'Stok', 0, 0, 0),
(446, 'STOK20020032', '2020-02-10', '0000-00-00', 12, '', '', 'R011', 132, 132, 'Stok', 0, 0, 0),
(447, 'STOK20020032', '2020-02-10', '0000-00-00', 12, '', '', 'R012', 0, 0, 'Stok', 0, 0, 0),
(448, 'STOK20020032', '2020-02-10', '0000-00-00', 12, '', '', 'R013', 0, 0, 'Stok', 0, 0, 0),
(449, 'STOK20020033', '2020-02-11', '2020-02-11', 1, 'PAL01', 'AR01', 'R001', 201, 1, 'Stok', 0, 0, 0),
(450, 'STOK20020033', '2020-02-11', '2020-02-11', 1, 'PAL01', 'AR01', 'R002', 189, 61, 'Stok', 0, 0, 0),
(451, 'STOK20020033', '2020-02-11', '2020-02-11', 1, 'PAL01', 'AR01', 'R003', 66, 61, 'Stok', 0, 0, 0),
(452, 'STOK20020033', '2020-02-11', '2020-02-11', 1, 'PAL01', 'AR01', 'R004', 77, 72, 'Stok', 0, 0, 0),
(453, 'STOK20020033', '2020-02-11', '2020-02-11', 1, 'PAL01', 'AR01', 'R005', 105, 83, 'Stok', 0, 0, 0),
(454, 'STOK20020033', '2020-02-11', '2020-02-11', 1, 'PAL01', 'AR01', 'R006', 181, 131, 'Stok', 0, 0, 0),
(455, 'STOK20020033', '2020-02-11', '2020-02-11', 1, 'PAL01', 'AR01', 'R007', 0, 0, 'Stok', 0, 0, 0),
(456, 'STOK20020033', '2020-02-11', '2020-02-11', 1, 'PAL01', 'AR01', 'R008', 0, 0, 'Stok', 0, 0, 0),
(457, 'STOK20020033', '2020-02-11', '2020-02-11', 1, 'PAL01', 'AR01', 'R009', 0, 0, 'Stok', 0, 0, 0),
(458, 'STOK20020033', '2020-02-11', '2020-02-11', 1, 'PAL01', 'AR01', 'R010', 0, 0, 'Stok', 0, 0, 0),
(459, 'STOK20020033', '2020-02-11', '2020-02-11', 1, 'PAL01', 'AR01', 'R011', 0, 0, 'Stok', 0, 0, 0),
(460, 'STOK20020033', '2020-02-11', '2020-02-11', 1, 'PAL01', 'AR01', 'R012', 0, 0, 'Stok', 0, 0, 0),
(461, 'STOK20020033', '2020-02-11', '2020-02-11', 1, 'PAL01', 'AR01', 'R013', 0, 0, 'Stok', 0, 0, 0),
(462, 'STOK20020034', '2020-02-11', '2020-02-11', 3, 'PAL05', 'AR01', 'R001', 0, 0, 'Stok', 0, 0, 0),
(463, 'STOK20020034', '2020-02-11', '2020-02-11', 3, 'PAL05', 'AR01', 'R002', 1276, 950, 'Stok', 0, 0, 0),
(464, 'STOK20020034', '2020-02-11', '2020-02-11', 3, 'PAL05', 'AR01', 'R003', 764, 634, 'Stok', 0, 0, 0),
(465, 'STOK20020034', '2020-02-11', '2020-02-11', 3, 'PAL05', 'AR01', 'R004', 320, 250, 'Stok', 0, 0, 0),
(466, 'STOK20020034', '2020-02-11', '2020-02-11', 3, 'PAL05', 'AR01', 'R005', 1730, 1321, 'Stok', 0, 0, 0),
(467, 'STOK20020034', '2020-02-11', '2020-02-11', 3, 'PAL05', 'AR01', 'R006', 1470, 650, 'Stok', 0, 0, 0),
(468, 'STOK20020034', '2020-02-11', '2020-02-11', 3, 'PAL05', 'AR01', 'R007', 0, 0, 'Stok', 0, 0, 0),
(469, 'STOK20020034', '2020-02-11', '2020-02-11', 3, 'PAL05', 'AR01', 'R008', 0, 0, 'Stok', 0, 0, 0),
(470, 'STOK20020034', '2020-02-11', '2020-02-11', 3, 'PAL05', 'AR01', 'R009', 0, 0, 'Stok', 0, 0, 0),
(471, 'STOK20020034', '2020-02-11', '2020-02-11', 3, 'PAL05', 'AR01', 'R010', 0, 0, 'Stok', 0, 0, 0),
(472, 'STOK20020034', '2020-02-11', '2020-02-11', 3, 'PAL05', 'AR01', 'R011', 0, 0, 'Stok', 0, 0, 0),
(473, 'STOK20020034', '2020-02-11', '2020-02-11', 3, 'PAL05', 'AR01', 'R012', 0, 0, 'Stok', 0, 0, 0),
(474, 'STOK20020034', '2020-02-11', '2020-02-11', 3, 'PAL05', 'AR01', 'R013', 0, 0, 'Stok', 0, 0, 0),
(475, 'STOK20020035', '2020-02-11', '2020-02-12', 15, 'AMP01', 'AR08', 'R001', 810, 455, 'Stok', 0, 0, 0),
(476, 'STOK20020035', '2020-02-11', '2020-02-12', 15, 'AMP01', 'AR08', 'R002', 1591, 1043, 'Stok', 0, 0, 0),
(477, 'STOK20020035', '2020-02-11', '2020-02-12', 15, 'AMP01', 'AR08', 'R003', 0, 0, 'Stok', 0, 0, 0),
(478, 'STOK20020035', '2020-02-11', '2020-02-12', 15, 'AMP01', 'AR08', 'R004', 1990, 962, 'Stok', 0, 0, 0),
(479, 'STOK20020035', '2020-02-11', '2020-02-12', 15, 'AMP01', 'AR08', 'R005', 6048, 1034, 'Stok', 0, 0, 0),
(480, 'STOK20020035', '2020-02-11', '2020-02-12', 15, 'AMP01', 'AR08', 'R006', 4492, 1025, 'Stok', 0, 0, 0),
(481, 'STOK20020035', '2020-02-11', '2020-02-12', 15, 'AMP01', 'AR08', 'R007', 0, 0, 'Stok', 0, 0, 0),
(482, 'STOK20020035', '2020-02-11', '2020-02-12', 15, 'AMP01', 'AR08', 'R008', 0, 0, 'Stok', 0, 0, 0),
(483, 'STOK20020035', '2020-02-11', '2020-02-12', 15, 'AMP01', 'AR08', 'R009', 0, 0, 'Stok', 0, 0, 0),
(484, 'STOK20020035', '2020-02-11', '2020-02-12', 15, 'AMP01', 'AR08', 'R010', 0, 0, 'Stok', 0, 0, 0),
(485, 'STOK20020035', '2020-02-11', '2020-02-12', 15, 'AMP01', 'AR08', 'R011', 1659, 1010, 'Stok', 0, 0, 0),
(486, 'STOK20020035', '2020-02-11', '2020-02-12', 15, 'AMP01', 'AR08', 'R012', 0, 0, 'Stok', 0, 0, 0),
(487, 'STOK20020035', '2020-02-11', '2020-02-12', 15, 'AMP01', 'AR08', 'R013', 0, 0, 'Stok', 0, 0, 0),
(488, 'STOK20020036', '2020-02-11', '2020-02-12', 14, 'PSO04', 'AR12', 'R001', 297, 231, 'Koreksi', 0, 0, 0),
(489, 'STOK20020036', '2020-02-11', '2020-02-12', 14, 'PSO04', 'AR12', 'R002', 153, 153, 'Koreksi', 0, 0, 0),
(490, 'STOK20020036', '2020-02-11', '2020-02-12', 14, 'PSO04', 'AR12', 'R003', 85, 2, 'Koreksi', 0, 0, 0),
(491, 'STOK20020036', '2020-02-11', '2020-02-12', 14, 'PSO04', 'AR12', 'R004', 3092, 3, 'Koreksi', 0, 0, 0),
(492, 'STOK20020036', '2020-02-11', '2020-02-12', 14, 'PSO04', 'AR12', 'R005', 11901, 1043, 'Koreksi', 0, 0, 0),
(493, 'STOK20020036', '2020-02-11', '2020-02-12', 14, 'PSO04', 'AR12', 'R006', 4260, 11, 'Koreksi', 0, 0, 0),
(494, 'STOK20020036', '2020-02-11', '2020-02-12', 14, 'PSO04', 'AR12', 'R007', 0, 0, 'Koreksi', 0, 0, 0),
(495, 'STOK20020036', '2020-02-11', '2020-02-12', 14, 'PSO04', 'AR12', 'R008', 0, 0, 'Koreksi', 0, 0, 0),
(496, 'STOK20020036', '2020-02-11', '2020-02-12', 14, 'PSO04', 'AR12', 'R009', 86, 34, 'Koreksi', 0, 0, 0),
(497, 'STOK20020036', '2020-02-11', '2020-02-12', 14, 'PSO04', 'AR12', 'R010', 0, 0, 'Koreksi', 0, 0, 0),
(498, 'STOK20020036', '2020-02-11', '2020-02-12', 14, 'PSO04', 'AR12', 'R011', 1037, 466, 'Koreksi', 0, 0, 0),
(499, 'STOK20020036', '2020-02-11', '2020-02-12', 14, 'PSO04', 'AR12', 'R012', 1, 2, 'Koreksi', 0, 0, 0),
(500, 'STOK20020036', '2020-02-11', '2020-02-12', 14, 'PSO04', 'AR12', 'R013', 0, 0, 'Koreksi', 0, 0, 0),
(501, 'STOK20020037', '2020-02-11', '2020-02-11', 16, 'PSO03', 'AR12', 'R001', 173, 173, 'Stok', 0, 0, 0),
(502, 'STOK20020037', '2020-02-11', '2020-02-11', 16, 'PSO03', 'AR12', 'R002', 0, 0, 'Stok', 0, 0, 0),
(503, 'STOK20020037', '2020-02-11', '2020-02-11', 16, 'PSO03', 'AR12', 'R003', 0, 0, 'Stok', 0, 0, 0),
(504, 'STOK20020037', '2020-02-11', '2020-02-11', 16, 'PSO03', 'AR12', 'R004', 3121, 1530, 'Stok', 0, 0, 0),
(505, 'STOK20020037', '2020-02-11', '2020-02-11', 16, 'PSO03', 'AR12', 'R005', 13558, 4360, 'Stok', 0, 0, 0),
(506, 'STOK20020037', '2020-02-11', '2020-02-11', 16, 'PSO03', 'AR12', 'R006', 3898, 1422, 'Stok', 0, 0, 0),
(507, 'STOK20020037', '2020-02-11', '2020-02-11', 16, 'PSO03', 'AR12', 'R007', 0, 0, 'Stok', 0, 0, 0),
(508, 'STOK20020037', '2020-02-11', '2020-02-11', 16, 'PSO03', 'AR12', 'R008', 0, 0, 'Stok', 0, 0, 0),
(509, 'STOK20020037', '2020-02-11', '2020-02-11', 16, 'PSO03', 'AR12', 'R009', 0, 0, 'Stok', 0, 0, 0),
(510, 'STOK20020037', '2020-02-11', '2020-02-11', 16, 'PSO03', 'AR12', 'R010', 0, 0, 'Stok', 0, 0, 0),
(511, 'STOK20020037', '2020-02-11', '2020-02-11', 16, 'PSO03', 'AR12', 'R011', 349, 229, 'Stok', 0, 0, 0),
(512, 'STOK20020037', '2020-02-11', '2020-02-11', 16, 'PSO03', 'AR12', 'R012', 0, 0, 'Stok', 0, 0, 0),
(513, 'STOK20020037', '2020-02-11', '2020-02-11', 16, 'PSO03', 'AR12', 'R013', 0, 0, 'Stok', 0, 0, 0),
(514, 'STOK20020038', '2020-02-12', '2020-02-12', 12, 'PAL04', 'AR01', 'R001', 200, 187, 'Stok', 0, 0, 0),
(515, 'STOK20020038', '2020-02-12', '2020-02-12', 12, 'PAL04', 'AR01', 'R002', 241, 204, 'Stok', 0, 0, 0),
(516, 'STOK20020038', '2020-02-12', '2020-02-12', 12, 'PAL04', 'AR01', 'R003', 80, 80, 'Stok', 0, 0, 0),
(517, 'STOK20020038', '2020-02-12', '2020-02-12', 12, 'PAL04', 'AR01', 'R004', 505, 462, 'Stok', 0, 0, 0),
(518, 'STOK20020038', '2020-02-12', '2020-02-12', 12, 'PAL04', 'AR01', 'R005', 344, 246, 'Stok', 0, 0, 0),
(519, 'STOK20020038', '2020-02-12', '2020-02-12', 12, 'PAL04', 'AR01', 'R006', 911, 836, 'Stok', 0, 0, 0),
(520, 'STOK20020038', '2020-02-12', '2020-02-12', 12, 'PAL04', 'AR01', 'R007', 53, 53, 'Stok', 0, 0, 0),
(521, 'STOK20020038', '2020-02-12', '2020-02-12', 12, 'PAL04', 'AR01', 'R008', 0, 0, 'Stok', 0, 0, 0),
(522, 'STOK20020038', '2020-02-12', '2020-02-12', 12, 'PAL04', 'AR01', 'R009', 0, 0, 'Stok', 0, 0, 0),
(523, 'STOK20020038', '2020-02-12', '2020-02-12', 12, 'PAL04', 'AR01', 'R010', 1845, 1845, 'Stok', 0, 0, 0),
(524, 'STOK20020038', '2020-02-12', '2020-02-12', 12, 'PAL04', 'AR01', 'R011', 132, 132, 'Stok', 0, 0, 0),
(525, 'STOK20020038', '2020-02-12', '2020-02-12', 12, 'PAL04', 'AR01', 'R012', 0, 0, 'Stok', 0, 0, 0),
(526, 'STOK20020038', '2020-02-12', '2020-02-12', 12, 'PAL04', 'AR01', 'R013', 0, 0, 'Stok', 0, 0, 0),
(527, 'STOK20020039', '2020-02-12', '2020-02-12', 1, 'PAL01', 'AR01', 'R001', 201, 47, 'Stok', 0, 0, 0),
(528, 'STOK20020039', '2020-02-12', '2020-02-12', 1, 'PAL01', 'AR01', 'R002', 141, 45, 'Stok', 0, 0, 0),
(529, 'STOK20020039', '2020-02-12', '2020-02-12', 1, 'PAL01', 'AR01', 'R003', 61, 61, 'Stok', 0, 0, 0),
(530, 'STOK20020039', '2020-02-12', '2020-02-12', 1, 'PAL01', 'AR01', 'R004', 72, 45, 'Stok', 0, 0, 0),
(531, 'STOK20020039', '2020-02-12', '2020-02-12', 1, 'PAL01', 'AR01', 'R005', 183, 88, 'Stok', 0, 0, 0),
(532, 'STOK20020039', '2020-02-12', '2020-02-12', 1, 'PAL01', 'AR01', 'R006', 181, 12, 'Stok', 0, 0, 0),
(533, 'STOK20020039', '2020-02-12', '2020-02-12', 1, 'PAL01', 'AR01', 'R007', 0, 0, 'Stok', 0, 0, 0),
(534, 'STOK20020039', '2020-02-12', '2020-02-12', 1, 'PAL01', 'AR01', 'R008', 0, 0, 'Stok', 0, 0, 0),
(535, 'STOK20020039', '2020-02-12', '2020-02-12', 1, 'PAL01', 'AR01', 'R009', 0, 0, 'Stok', 0, 0, 0),
(536, 'STOK20020039', '2020-02-12', '2020-02-12', 1, 'PAL01', 'AR01', 'R010', 0, 0, 'Stok', 0, 0, 0),
(537, 'STOK20020039', '2020-02-12', '2020-02-12', 1, 'PAL01', 'AR01', 'R011', 0, 0, 'Stok', 0, 0, 0),
(538, 'STOK20020039', '2020-02-12', '2020-02-12', 1, 'PAL01', 'AR01', 'R012', 0, 0, 'Stok', 0, 0, 0),
(539, 'STOK20020039', '2020-02-12', '2020-02-12', 1, 'PAL01', 'AR01', 'R013', 0, 0, 'Stok', 0, 0, 0),
(540, 'STOK20020040', '2020-02-12', '2020-02-12', 3, 'PAL05', 'AR01', 'R001', 0, 0, 'Stok', 0, 0, 0),
(541, 'STOK20020040', '2020-02-12', '2020-02-12', 3, 'PAL05', 'AR01', 'R002', 950, 666, 'Stok', 0, 0, 0),
(542, 'STOK20020040', '2020-02-12', '2020-02-12', 3, 'PAL05', 'AR01', 'R003', 634, 534, 'Stok', 0, 0, 0),
(543, 'STOK20020040', '2020-02-12', '2020-02-12', 3, 'PAL05', 'AR01', 'R004', 250, 201, 'Stok', 0, 0, 0),
(544, 'STOK20020040', '2020-02-12', '2020-02-12', 3, 'PAL05', 'AR01', 'R005', 1321, 926, 'Stok', 0, 0, 0),
(545, 'STOK20020040', '2020-02-12', '2020-02-12', 3, 'PAL05', 'AR01', 'R006', 1170, 660, 'Stok', 0, 0, 0),
(546, 'STOK20020040', '2020-02-12', '2020-02-12', 3, 'PAL05', 'AR01', 'R007', 0, 0, 'Stok', 0, 0, 0),
(547, 'STOK20020040', '2020-02-12', '2020-02-12', 3, 'PAL05', 'AR01', 'R008', 0, 0, 'Stok', 0, 0, 0),
(548, 'STOK20020040', '2020-02-12', '2020-02-12', 3, 'PAL05', 'AR01', 'R009', 0, 0, 'Stok', 0, 0, 0),
(549, 'STOK20020040', '2020-02-12', '2020-02-12', 3, 'PAL05', 'AR01', 'R010', 0, 0, 'Stok', 0, 0, 0),
(550, 'STOK20020040', '2020-02-12', '2020-02-12', 3, 'PAL05', 'AR01', 'R011', 0, 0, 'Stok', 0, 0, 0),
(551, 'STOK20020040', '2020-02-12', '2020-02-12', 3, 'PAL05', 'AR01', 'R012', 0, 0, 'Stok', 0, 0, 0),
(552, 'STOK20020040', '2020-02-12', '2020-02-12', 3, 'PAL05', 'AR01', 'R013', 0, 0, 'Stok', 0, 0, 0),
(553, 'STOK20020041', '2020-02-12', '0000-00-00', 13, '', '', 'R001', 0, 0, 'Pending', 0, 0, 0),
(554, 'STOK20020041', '2020-02-12', '0000-00-00', 13, '', '', 'R002', 1476, 0, 'Pending', 0, 0, 0),
(555, 'STOK20020041', '2020-02-12', '0000-00-00', 13, '', '', 'R003', 561, 0, 'Pending', 0, 0, 0),
(556, 'STOK20020041', '2020-02-12', '0000-00-00', 13, '', '', 'R004', 1075, 0, 'Pending', 0, 0, 0),
(557, 'STOK20020041', '2020-02-12', '0000-00-00', 13, '', '', 'R005', 2035, 0, 'Pending', 0, 0, 0),
(558, 'STOK20020041', '2020-02-12', '0000-00-00', 13, '', '', 'R006', 0, 0, 'Pending', 0, 0, 0),
(559, 'STOK20020041', '2020-02-12', '0000-00-00', 13, '', '', 'R007', 0, 0, 'Pending', 0, 0, 0),
(560, 'STOK20020041', '2020-02-12', '0000-00-00', 13, '', '', 'R008', 0, 0, 'Pending', 0, 0, 0),
(561, 'STOK20020041', '2020-02-12', '0000-00-00', 13, '', '', 'R009', 0, 0, 'Pending', 0, 0, 0),
(562, 'STOK20020041', '2020-02-12', '0000-00-00', 13, '', '', 'R010', 0, 0, 'Pending', 0, 0, 0),
(563, 'STOK20020041', '2020-02-12', '0000-00-00', 13, '', '', 'R011', 0, 0, 'Pending', 0, 0, 0),
(564, 'STOK20020041', '2020-02-12', '0000-00-00', 13, '', '', 'R012', 0, 0, 'Pending', 0, 0, 0),
(565, 'STOK20020041', '2020-02-12', '0000-00-00', 13, '', '', 'R013', 0, 0, 'Pending', 0, 0, 0),
(566, 'STOK20020042', '2020-02-12', '0000-00-00', 5, '', '', 'R001', 0, 0, 'Pending', 0, 0, 0),
(567, 'STOK20020042', '2020-02-12', '0000-00-00', 5, '', '', 'R002', 0, 0, 'Pending', 0, 0, 0),
(568, 'STOK20020042', '2020-02-12', '0000-00-00', 5, '', '', 'R003', 0, 0, 'Pending', 0, 0, 0),
(569, 'STOK20020042', '2020-02-12', '0000-00-00', 5, '', '', 'R004', 1800, 0, 'Pending', 0, 0, 0),
(570, 'STOK20020042', '2020-02-12', '0000-00-00', 5, '', '', 'R005', 7200, 0, 'Pending', 0, 0, 0),
(571, 'STOK20020042', '2020-02-12', '0000-00-00', 5, '', '', 'R006', 0, 0, 'Pending', 0, 0, 0),
(572, 'STOK20020042', '2020-02-12', '0000-00-00', 5, '', '', 'R007', 1200, 0, 'Pending', 0, 0, 0),
(573, 'STOK20020042', '2020-02-12', '0000-00-00', 5, '', '', 'R008', 1600, 0, 'Pending', 0, 0, 0),
(574, 'STOK20020042', '2020-02-12', '0000-00-00', 5, '', '', 'R009', 2400, 0, 'Pending', 0, 0, 0),
(575, 'STOK20020042', '2020-02-12', '0000-00-00', 5, '', '', 'R010', 0, 0, 'Pending', 0, 0, 0),
(576, 'STOK20020042', '2020-02-12', '0000-00-00', 5, '', '', 'R011', 0, 0, 'Pending', 0, 0, 0),
(577, 'STOK20020042', '2020-02-12', '0000-00-00', 5, '', '', 'R012', 0, 0, 'Pending', 0, 0, 0),
(578, 'STOK20020042', '2020-02-12', '0000-00-00', 5, '', '', 'R013', 24, 0, 'Pending', 0, 0, 0),
(579, 'STOK20020043', '2020-02-13', '2020-02-13', 3, 'PAL05', 'AR01', 'R001', 0, 0, 'Stok', 0, 0, 0),
(580, 'STOK20020043', '2020-02-13', '2020-02-13', 3, 'PAL05', 'AR01', 'R002', 1866, 1516, 'Stok', 0, 0, 0),
(581, 'STOK20020043', '2020-02-13', '2020-02-13', 3, 'PAL05', 'AR01', 'R003', 534, 404, 'Stok', 0, 0, 0),
(582, 'STOK20020043', '2020-02-13', '2020-02-13', 3, 'PAL05', 'AR01', 'R004', 201, 117, 'Stok', 0, 0, 0),
(583, 'STOK20020043', '2020-02-13', '2020-02-13', 3, 'PAL05', 'AR01', 'R005', 2126, 1810, 'Stok', 0, 0, 0),
(584, 'STOK20020043', '2020-02-13', '2020-02-13', 3, 'PAL05', 'AR01', 'R006', 660, 32, 'Stok', 0, 0, 0),
(585, 'STOK20020043', '2020-02-13', '2020-02-13', 3, 'PAL05', 'AR01', 'R007', 0, 0, 'Stok', 0, 0, 0),
(586, 'STOK20020043', '2020-02-13', '2020-02-13', 3, 'PAL05', 'AR01', 'R008', 0, 0, 'Stok', 0, 0, 0),
(587, 'STOK20020043', '2020-02-13', '2020-02-13', 3, 'PAL05', 'AR01', 'R009', 0, 0, 'Stok', 0, 0, 0),
(588, 'STOK20020043', '2020-02-13', '2020-02-13', 3, 'PAL05', 'AR01', 'R010', 0, 0, 'Stok', 0, 0, 0),
(589, 'STOK20020043', '2020-02-13', '2020-02-13', 3, 'PAL05', 'AR01', 'R011', 0, 0, 'Stok', 0, 0, 0),
(590, 'STOK20020043', '2020-02-13', '2020-02-13', 3, 'PAL05', 'AR01', 'R012', 0, 0, 'Stok', 0, 0, 0),
(591, 'STOK20020043', '2020-02-13', '2020-02-13', 3, 'PAL05', 'AR01', 'R013', 0, 0, 'Stok', 0, 0, 0),
(592, 'STOK20020044', '2020-02-13', '2020-02-13', 1, 'PAL01', 'AR01', 'R001', 217, 144, 'Stok', 0, 0, 0),
(593, 'STOK20020044', '2020-02-13', '2020-02-13', 1, 'PAL01', 'AR01', 'R002', 145, 105, 'Stok', 0, 0, 0),
(594, 'STOK20020044', '2020-02-13', '2020-02-13', 1, 'PAL01', 'AR01', 'R003', 61, 61, 'Stok', 0, 0, 0),
(595, 'STOK20020044', '2020-02-13', '2020-02-13', 1, 'PAL01', 'AR01', 'R004', 85, 42, 'Stok', 0, 0, 0),
(596, 'STOK20020044', '2020-02-13', '2020-02-13', 1, 'PAL01', 'AR01', 'R005', 188, 117, 'Stok', 0, 0, 0),
(597, 'STOK20020044', '2020-02-13', '2020-02-13', 1, 'PAL01', 'AR01', 'R006', 212, 63, 'Stok', 0, 0, 0),
(598, 'STOK20020044', '2020-02-13', '2020-02-13', 1, 'PAL01', 'AR01', 'R007', 0, 0, 'Stok', 0, 0, 0),
(599, 'STOK20020044', '2020-02-13', '2020-02-13', 1, 'PAL01', 'AR01', 'R008', 0, 0, 'Stok', 0, 0, 0),
(600, 'STOK20020044', '2020-02-13', '2020-02-13', 1, 'PAL01', 'AR01', 'R009', 0, 0, 'Stok', 0, 0, 0),
(601, 'STOK20020044', '2020-02-13', '2020-02-13', 1, 'PAL01', 'AR01', 'R010', 0, 0, 'Stok', 0, 0, 0),
(602, 'STOK20020044', '2020-02-13', '2020-02-13', 1, 'PAL01', 'AR01', 'R011', 0, 0, 'Stok', 0, 0, 0),
(603, 'STOK20020044', '2020-02-13', '2020-02-13', 1, 'PAL01', 'AR01', 'R012', 0, 0, 'Stok', 0, 0, 0),
(604, 'STOK20020044', '2020-02-13', '2020-02-13', 1, 'PAL01', 'AR01', 'R013', 0, 0, 'Stok', 0, 0, 0),
(605, 'STOK20020045', '2020-02-13', '2020-02-13', 16, 'PAL02', 'AR01', 'R001', 173, 130, 'Koreksi', 0, 0, 0),
(606, 'STOK20020045', '2020-02-13', '2020-02-13', 16, 'PAL02', 'AR01', 'R002', 200, 167, 'Koreksi', 0, 0, 0),
(607, 'STOK20020045', '2020-02-13', '2020-02-13', 16, 'PAL02', 'AR01', 'R003', 200, 175, 'Koreksi', 0, 0, 0),
(608, 'STOK20020045', '2020-02-13', '2020-02-13', 16, 'PAL02', 'AR01', 'R004', 1530, 1485, 'Koreksi', 0, 0, 0),
(609, 'STOK20020045', '2020-02-13', '2020-02-13', 16, 'PAL02', 'AR01', 'R005', 4360, 4242, 'Koreksi', 0, 0, 0),
(610, 'STOK20020045', '2020-02-13', '2020-02-13', 16, 'PAL02', 'AR01', 'R006', 0, 0, 'Koreksi', 0, 0, 0),
(611, 'STOK20020045', '2020-02-13', '2020-02-13', 16, 'PAL02', 'AR01', 'R007', 0, 0, 'Koreksi', 0, 0, 0),
(612, 'STOK20020045', '2020-02-13', '2020-02-13', 16, 'PAL02', 'AR01', 'R008', 0, 0, 'Koreksi', 0, 0, 0),
(613, 'STOK20020045', '2020-02-13', '2020-02-13', 16, 'PAL02', 'AR01', 'R009', 0, 0, 'Koreksi', 0, 0, 0),
(614, 'STOK20020045', '2020-02-13', '2020-02-13', 16, 'PAL02', 'AR01', 'R010', 0, 0, 'Koreksi', 0, 0, 0),
(615, 'STOK20020045', '2020-02-13', '2020-02-13', 16, 'PAL02', 'AR01', 'R011', 229, 229, 'Koreksi', 0, 0, 0),
(616, 'STOK20020045', '2020-02-13', '2020-02-13', 16, 'PAL02', 'AR01', 'R012', 0, 0, 'Koreksi', 0, 0, 0),
(617, 'STOK20020045', '2020-02-13', '2020-02-13', 16, 'PAL02', 'AR01', 'R013', 0, 0, 'Koreksi', 0, 0, 0),
(618, 'STOK20020046', '2020-02-13', '2020-02-13', 12, 'PAL04', 'AR01', 'R001', 187, 147, 'Stok', 0, 0, 0),
(619, 'STOK20020046', '2020-02-13', '2020-02-13', 12, 'PAL04', 'AR01', 'R002', 204, 116, 'Stok', 0, 0, 0),
(620, 'STOK20020046', '2020-02-13', '2020-02-13', 12, 'PAL04', 'AR01', 'R003', 80, 70, 'Stok', 0, 0, 0),
(621, 'STOK20020046', '2020-02-13', '2020-02-13', 12, 'PAL04', 'AR01', 'R004', 462, 324, 'Stok', 0, 0, 0),
(622, 'STOK20020046', '2020-02-13', '2020-02-13', 12, 'PAL04', 'AR01', 'R005', 246, 5, 'Stok', 0, 0, 0),
(623, 'STOK20020046', '2020-02-13', '2020-02-13', 12, 'PAL04', 'AR01', 'R006', 36, 0, 'Stok', 0, 0, 0),
(624, 'STOK20020046', '2020-02-13', '2020-02-13', 12, 'PAL04', 'AR01', 'R007', 53, 53, 'Stok', 0, 0, 0),
(625, 'STOK20020046', '2020-02-13', '2020-02-13', 12, 'PAL04', 'AR01', 'R008', 0, 0, 'Stok', 0, 0, 0),
(626, 'STOK20020046', '2020-02-13', '2020-02-13', 12, 'PAL04', 'AR01', 'R009', 0, 0, 'Stok', 0, 0, 0),
(627, 'STOK20020046', '2020-02-13', '2020-02-13', 12, 'PAL04', 'AR01', 'R010', 1845, 1845, 'Stok', 0, 0, 0),
(628, 'STOK20020046', '2020-02-13', '2020-02-13', 12, 'PAL04', 'AR01', 'R011', 132, 132, 'Stok', 0, 0, 0),
(629, 'STOK20020046', '2020-02-13', '2020-02-13', 12, 'PAL04', 'AR01', 'R012', 0, 0, 'Stok', 0, 0, 0),
(630, 'STOK20020046', '2020-02-13', '2020-02-13', 12, 'PAL04', 'AR01', 'R013', 0, 0, 'Stok', 0, 0, 0);

-- --------------------------------------------------------

--
-- Table structure for table `tutup_buku`
--

CREATE TABLE `tutup_buku` (
  `id` int(11) NOT NULL,
  `tanggal_tutup` date NOT NULL
) ENGINE=InnoDB DEFAULT CHARSET=latin1;

--
-- Dumping data for table `tutup_buku`
--

INSERT INTO `tutup_buku` (`id`, `tanggal_tutup`) VALUES
(1, '2020-02-11');

-- --------------------------------------------------------

--
-- Table structure for table `user`
--

CREATE TABLE `user` (
  `id_user` int(11) NOT NULL,
  `nama_user` varchar(128) NOT NULL,
  `username` varchar(128) NOT NULL,
  `password` varchar(128) NOT NULL,
  `role_id` int(11) NOT NULL,
  `is_active` int(11) NOT NULL
) ENGINE=InnoDB DEFAULT CHARSET=latin1;

--
-- Dumping data for table `user`
--

INSERT INTO `user` (`id_user`, `nama_user`, `username`, `password`, `role_id`, `is_active`) VALUES
(1, 'Budi Harto', 'admin', '4135a6f12bd7b1007140f6c4deec37dc', 1, 1),
(2, 'admin', 'admin', '827ccb0eea8a706c4c34a16891f84e7b', 2, 1),
(3, 'Fisca', 'fisca', '310dcbbf4cce62f762a2aaa148d556bd', 2, 1),
(4, 'Wadi', 'wadi', '5ad21b85ba90cddca18f2614617e060d', 2, 1),
(5, 'umi', 'umi', 'e84f942d7f93ddc14d24b930d87e3da7', 2, 1);

--
-- Indexes for dumped tables
--

--
-- Indexes for table `area`
--
ALTER TABLE `area`
  ADD PRIMARY KEY (`id`,`kode_area`);

--
-- Indexes for table `penjualan`
--
ALTER TABLE `penjualan`
  ADD PRIMARY KEY (`id`);

--
-- Indexes for table `produk`
--
ALTER TABLE `produk`
  ADD PRIMARY KEY (`id`);

--
-- Indexes for table `pusat_area`
--
ALTER TABLE `pusat_area`
  ADD PRIMARY KEY (`id`,`kode_pusatarea`);

--
-- Indexes for table `role`
--
ALTER TABLE `role`
  ADD PRIMARY KEY (`id`);

--
-- Indexes for table `sales`
--
ALTER TABLE `sales`
  ADD PRIMARY KEY (`id`);

--
-- Indexes for table `transaksi`
--
ALTER TABLE `transaksi`
  ADD PRIMARY KEY (`id`);

--
-- Indexes for table `tutup_buku`
--
ALTER TABLE `tutup_buku`
  ADD PRIMARY KEY (`id`);

--
-- Indexes for table `user`
--
ALTER TABLE `user`
  ADD PRIMARY KEY (`id_user`);

--
-- AUTO_INCREMENT for dumped tables
--

--
-- AUTO_INCREMENT for table `area`
--
ALTER TABLE `area`
  MODIFY `id` int(11) NOT NULL AUTO_INCREMENT, AUTO_INCREMENT=25;

--
-- AUTO_INCREMENT for table `penjualan`
--
ALTER TABLE `penjualan`
  MODIFY `id` int(11) NOT NULL AUTO_INCREMENT, AUTO_INCREMENT=54;

--
-- AUTO_INCREMENT for table `produk`
--
ALTER TABLE `produk`
  MODIFY `id` int(11) NOT NULL AUTO_INCREMENT, AUTO_INCREMENT=14;

--
-- AUTO_INCREMENT for table `pusat_area`
--
ALTER TABLE `pusat_area`
  MODIFY `id` int(11) NOT NULL AUTO_INCREMENT, AUTO_INCREMENT=13;

--
-- AUTO_INCREMENT for table `role`
--
ALTER TABLE `role`
  MODIFY `id` int(11) NOT NULL AUTO_INCREMENT, AUTO_INCREMENT=3;

--
-- AUTO_INCREMENT for table `sales`
--
ALTER TABLE `sales`
  MODIFY `id` int(11) NOT NULL AUTO_INCREMENT, AUTO_INCREMENT=17;

--
-- AUTO_INCREMENT for table `transaksi`
--
ALTER TABLE `transaksi`
  MODIFY `id` int(11) NOT NULL AUTO_INCREMENT, AUTO_INCREMENT=631;

--
-- AUTO_INCREMENT for table `tutup_buku`
--
ALTER TABLE `tutup_buku`
  MODIFY `id` int(11) NOT NULL AUTO_INCREMENT, AUTO_INCREMENT=2;

--
-- AUTO_INCREMENT for table `user`
--
ALTER TABLE `user`
  MODIFY `id_user` int(11) NOT NULL AUTO_INCREMENT, AUTO_INCREMENT=6;
COMMIT;

/*!40101 SET CHARACTER_SET_CLIENT=@OLD_CHARACTER_SET_CLIENT */;
/*!40101 SET CHARACTER_SET_RESULTS=@OLD_CHARACTER_SET_RESULTS */;
/*!40101 SET COLLATION_CONNECTION=@OLD_COLLATION_CONNECTION */;
